Species;Taxa;age.d;Weght.g;Length.cm;Asymptotic weight.g;Asymptotic size ML.cm;Column1
Doryteuthis gahi;Squid;260.256;66.76;;100;20;Deb data 
Doryteuthis gahi;Squid;296.154;66.09;;100;20;
Doryteuthis gahi;Squid;333.333;84.496;;100;20;
Doryteuthis gahi;Squid;333.333;89.346;;100;20;
Doryteuthis gahi;Squid;339.744;97.425;;100;20;
Doryteuthis gahi;Squid;343.59;95.159;;100;20;
Doryteuthis gahi;Squid;350.641;66.378;;100;20;
Doryteuthis gahi;Squid;352.564;114.229;;100;20;
Doryteuthis gahi;Squid;355.128;79.308;;100;20;
Doryteuthis gahi;Squid;356.41;86.744;;100;20;
Doryteuthis gahi;Squid;362.821;86.417;;100;20;
Doryteuthis gahi;Squid;363.462;110.989;;100;20;
Doryteuthis gahi;Squid;366.026;99.671;;100;20;
Doryteuthis gahi;Squid;382.051;97.397;;100;20;
Doryteuthis gahi;Squid;262.27;;15.671;100;20;
Doryteuthis gahi;Squid;298.623;;16.291;100;20;
Doryteuthis gahi;Squid;333.76;;18.286;100;20;
Doryteuthis gahi;Squid;335.032;;17.859;100;20;
Doryteuthis gahi;Squid;340.273;;18.761;100;20;
Doryteuthis gahi;Squid;344.804;;18.619;100;20;
Doryteuthis gahi;Squid;349.928;;17.529;100;20;
Doryteuthis gahi;Squid;354.554;;18.999;100;20;
Doryteuthis gahi;Squid;355.846;;18.904;100;20;
Doryteuthis gahi;Squid;356.455;;18.241;100;20;
Doryteuthis gahi;Squid;360.947;;17.435;100;20;
Doryteuthis gahi;Squid;364.947;;19.285;100;20;
Doryteuthis gahi;Squid;370.082;;18.384;100;20;
Doryteuthis gahi;Squid;383.083;;18.907;100;20;
Doryteuthis gahi;Squid;236.781;;12.004;100;20;
Doryteuthis gahi;Squid;241.915;;12.906;100;20;
Doryteuthis gahi;Squid;247.048;;13.809;100;20;
Doryteuthis gahi;Squid;250.257;;13.357;100;20;
Doryteuthis gahi;Squid;255.39;;14.147;100;20;
Doryteuthis gahi;Squid;264.374;;14.711;100;20;
Doryteuthis gahi;Squid;270.149;;15.388;100;20;
Doryteuthis gahi;Squid;273.357;;15.614;100;20;
Doryteuthis gahi;Squid;279.132;;15.162;100;20;
Doryteuthis gahi;Squid;281.057;;19.449;100;20;
Doryteuthis gahi;Squid;284.266;;19.337;100;20;
Doryteuthis gahi;Squid;286.191;;16.403;100;20;
Doryteuthis gahi;Squid;288.758;;17.306;100;20;
Doryteuthis gahi;Squid;293.891;;18.998;100;20;
Doryteuthis gahi;Squid;296.458;;15.05;100;20;
Doryteuthis gahi;Squid;304.158;;15.05;100;20;
Doryteuthis gahi;Squid;304.8;;17.419;100;20;
Doryteuthis gahi;Squid;307.367;;18.547;100;20;
Doryteuthis gahi;Squid;308.65;;19.224;100;20;
Doryteuthis gahi;Squid;311.217;;16.968;100;20;
Doryteuthis gahi;Squid;311.858;;18.547;100;20;
Doryteuthis gahi;Squid;327.259;;21.142;100;20;
Doryteuthis gahi;Squid;338.809;;22.947;100;20;
Doryteuthis gahi;Squid;340.734;;21.931;100;20;
Doryteuthis gahi;Squid;352.284;;23.398;100;20;
Doryteuthis gahi;Squid;359.343;;23.06;100;20;
Doryteuthis gahi;Squid;361.268;;24.413;100;20;
Doryteuthis gahi;Squid;362.551;;25.09;100;20;
Doryteuthis gahi;Squid;363.835;;23.624;100;20;
Doryteuthis gahi;Squid;369.61;;25.993;100;20;
Doryteuthis gahi;Squid;370.893;;24.526;100;20;
Doryteuthis gahi;Squid;378.593;;23.624;100;20;
Doryteuthis gahi;Squid;378.593;;25.429;100;20;
Doryteuthis gahi;Squid;382.444;;25.429;100;20;
Doryteuthis gahi;Squid;389.502;;25.429;100;20;
Doryteuthis gahi;Squid;393.994;;25.542;100;20;
Doryteuthis pealeii;Squid;;3.924;0.235;;27;
Doryteuthis pealeii;Squid;;8.571;5.294;;27;
Doryteuthis pealeii;Squid;;34.685;10.235;;27;
Doryteuthis pealeii;Squid;;86.19;15.176;;27;
Doryteuthis pealeii;Squid;;157.227;20.118;;27;
Doryteuthis pealeii;Squid;;253.654;25.059;;27;
Doryteuthis pealeii;Squid;;375.488;30.118;;27;
Doryteuthis pealeii;Squid;;518.79;35.059;;27;
Doryteuthis pealeii;Squid;;685.547;40.118;;27;
Doryteuthis pealeii;Squid;0;;0.2;;27;
Doryteuthis pealeii;Squid;61;;4;;27;
Doryteuthis pealeii;Squid;122;;7;;27;
Doryteuthis pealeii;Squid;183;;10;;27;
Doryteuthis pealeii;Squid;244;;12;;27;
Doryteuthis pealeii;Squid;305;;14;;27;
Doryteuthis pealeii;Squid;366;;16;;27;
Doryteuthis pealeii;Squid;427;;18;;27;
Doryteuthis pealeii;Squid;488;;20;;27;
Doryteuthis pealeii;Squid;549;;21;;27;
Doryteuthis pealeii;Squid;610;;23;;27;
Doryteuthis pealeii;Squid;671;;25;;27;
Doryteuthis pealeii;Squid;701.5;;27;;27;
Dosidicus gigas;Squid;81.818;;11.142;6.50E+04;120;
Dosidicus gigas;Squid;131.431;;16.087;6.50E+04;120;
Dosidicus gigas;Squid;141.876;;30.253;6.50E+04;120;
Dosidicus gigas;Squid;146.228;;35.223;6.50E+04;120;
Dosidicus gigas;Squid;152.321;;30.495;6.50E+04;120;
Dosidicus gigas;Squid;157.544;;38.448;6.50E+04;120;
Dosidicus gigas;Squid;159.284;;23.779;6.50E+04;120;
Dosidicus gigas;Squid;164.507;;24.771;6.50E+04;120;
Dosidicus gigas;Squid;164.507;;26.262;6.50E+04;120;
Dosidicus gigas;Squid;164.507;;30.737;6.50E+04;120;
Dosidicus gigas;Squid;167.988;;27.255;6.50E+04;120;
Dosidicus gigas;Squid;168.859;;39.437;6.50E+04;120;
Dosidicus gigas;Squid;170.6;;25.513;6.50E+04;120;
Dosidicus gigas;Squid;170.6;;31.728;6.50E+04;120;
Dosidicus gigas;Squid;174.081;;26.257;6.50E+04;120;
Dosidicus gigas;Squid;176.692;;37.941;6.50E+04;120;
Dosidicus gigas;Squid;176.692;;40.924;6.50E+04;120;
Dosidicus gigas;Squid;177.563;;42.167;6.50E+04;120;
Dosidicus gigas;Squid;178.433;;39.183;6.50E+04;120;
Dosidicus gigas;Squid;183.656;;44.898;6.50E+04;120;
Dosidicus gigas;Squid;183.656;;40.92;6.50E+04;120;
Dosidicus gigas;Squid;185.397;;36.444;6.50E+04;120;
Dosidicus gigas;Squid;185.397;;33.461;6.50E+04;120;
Dosidicus gigas;Squid;186.267;;39.427;6.50E+04;120;
Dosidicus gigas;Squid;187.137;;27.99;6.50E+04;120;
Dosidicus gigas;Squid;188.008;;43.653;6.50E+04;120;
Dosidicus gigas;Squid;188.878;;41.415;6.50E+04;120;
Dosidicus gigas;Squid;188.878;;42.658;6.50E+04;120;
Dosidicus gigas;Squid;190.619;;37.436;6.50E+04;120;
Dosidicus gigas;Squid;190.619;;35.198;6.50E+04;120;
Dosidicus gigas;Squid;190.619;;33.209;6.50E+04;120;
Dosidicus gigas;Squid;190.619;;31.717;6.50E+04;120;
Dosidicus gigas;Squid;194.971;;43.4;6.50E+04;120;
Dosidicus gigas;Squid;194.971;;36.19;6.50E+04;120;
Dosidicus gigas;Squid;197.582;;36.437;6.50E+04;120;
Dosidicus gigas;Squid;197.582;;34.2;6.50E+04;120;
Dosidicus gigas;Squid;199.323;;47.127;6.50E+04;120;
Dosidicus gigas;Squid;199.323;;47.376;6.50E+04;120;
Dosidicus gigas;Squid;200.193;;30.22;6.50E+04;120;
Dosidicus gigas;Squid;201.064;;41.408;6.50E+04;120;
Dosidicus gigas;Squid;201.064;;41.408;6.50E+04;120;
Dosidicus gigas;Squid;204.545;;44.887;6.50E+04;120;
Dosidicus gigas;Squid;204.545;;39.168;6.50E+04;120;
Dosidicus gigas;Squid;204.545;;33.201;6.50E+04;120;
Dosidicus gigas;Squid;204.545;;34.942;6.50E+04;120;
Dosidicus gigas;Squid;208.027;;37.426;6.50E+04;120;
Dosidicus gigas;Squid;208.027;;30.465;6.50E+04;120;
Dosidicus gigas;Squid;210.638;;42.397;6.50E+04;120;
Dosidicus gigas;Squid;210.638;;31.955;6.50E+04;120;
Dosidicus gigas;Squid;212.379;;39.164;6.50E+04;120;
Dosidicus gigas;Squid;212.379;;37.424;6.50E+04;120;
Dosidicus gigas;Squid;214.99;;45.627;6.50E+04;120;
Dosidicus gigas;Squid;215.861;;42.394;6.50E+04;120;
Dosidicus gigas;Squid;216.731;;35.432;6.50E+04;120;
Dosidicus gigas;Squid;217.602;;45.625;6.50E+04;120;
Dosidicus gigas;Squid;217.602;;47.117;6.50E+04;120;
Dosidicus gigas;Squid;217.602;;34.437;6.50E+04;120;
Dosidicus gigas;Squid;218.472;;38.912;6.50E+04;120;
Dosidicus gigas;Squid;219.342;;41.149;6.50E+04;120;
Dosidicus gigas;Squid;221.954;;38.164;6.50E+04;120;
Dosidicus gigas;Squid;224.565;;39.903;6.50E+04;120;
Dosidicus gigas;Squid;225.435;;35.676;6.50E+04;120;
Dosidicus gigas;Squid;225.435;;33.687;6.50E+04;120;
Dosidicus gigas;Squid;226.306;;41.394;6.50E+04;120;
Dosidicus gigas;Squid;228.917;;35.426;6.50E+04;120;
Dosidicus gigas;Squid;228.917;;42.387;6.50E+04;120;
Dosidicus gigas;Squid;231.528;;46.115;6.50E+04;120;
Dosidicus gigas;Squid;232.398;;33.683;6.50E+04;120;
Dosidicus gigas;Squid;232.398;;39.402;6.50E+04;120;
Dosidicus gigas;Squid;232.398;;51.087;6.50E+04;120;
Dosidicus gigas;Squid;233.269;;42.384;6.50E+04;120;
Dosidicus gigas;Squid;233.269;;48.351;6.50E+04;120;
Dosidicus gigas;Squid;234.139;;40.644;6.50E+04;120;
Dosidicus gigas;Squid;234.139;;50.837;6.50E+04;120;
Dosidicus gigas;Squid;235.01;;36.168;6.50E+04;120;
Dosidicus gigas;Squid;235.88;;38.405;6.50E+04;120;
Dosidicus gigas;Squid;236.75;;43.128;6.50E+04;120;
Dosidicus gigas;Squid;238.491;;44.868;6.50E+04;120;
Dosidicus gigas;Squid;238.491;;47.851;6.50E+04;120;
Dosidicus gigas;Squid;240.232;;50.585;6.50E+04;120;
Dosidicus gigas;Squid;243.714;;47.848;6.50E+04;120;
Dosidicus gigas;Squid;248.936;;51.326;6.50E+04;120;
Dosidicus gigas;Squid;252.418;;45.109;6.50E+04;120;
Dosidicus gigas;Squid;253.288;;51.821;6.50E+04;120;
Dosidicus gigas;Squid;255.029;;42.621;6.50E+04;120;
Dosidicus gigas;Squid;255.029;;47.593;6.50E+04;120;
Dosidicus gigas;Squid;256.77;;52.565;6.50E+04;120;
Dosidicus gigas;Squid;257.64;;54.802;6.50E+04;120;
Dosidicus gigas;Squid;260.251;;50.325;6.50E+04;120;
Dosidicus gigas;Squid;261.122;;57.286;6.50E+04;120;
Dosidicus gigas;Squid;261.992;;45.352;6.50E+04;120;
Dosidicus gigas;Squid;261.992;;47.59;6.50E+04;120;
Dosidicus gigas;Squid;262.863;;48.832;6.50E+04;120;
Dosidicus gigas;Squid;263.733;;54.799;6.50E+04;120;
Dosidicus gigas;Squid;264.603;;58.03;6.50E+04;120;
Dosidicus gigas;Squid;264.603;;59.273;6.50E+04;120;
Dosidicus gigas;Squid;268.956;;52.309;6.50E+04;120;
Dosidicus gigas;Squid;270.696;;49.325;6.50E+04;120;
Dosidicus gigas;Squid;270.696;;55.292;6.50E+04;120;
Dosidicus gigas;Squid;270.696;;57.281;6.50E+04;120;
Dosidicus gigas;Squid;271.567;;58.524;6.50E+04;120;
Dosidicus gigas;Squid;271.567;;59.767;6.50E+04;120;
Dosidicus gigas;Squid;274.178;;53.55;6.50E+04;120;
Dosidicus gigas;Squid;275.048;;59.765;6.50E+04;120;
Dosidicus gigas;Squid;275.919;;56.035;6.50E+04;120;
Dosidicus gigas;Squid;278.53;;50.315;6.50E+04;120;
Dosidicus gigas;Squid;279.4;;54.293;6.50E+04;120;
Dosidicus gigas;Squid;280.271;;47.331;6.50E+04;120;
Dosidicus gigas;Squid;281.141;;58.767;6.50E+04;120;
Dosidicus gigas;Squid;281.141;;57.027;6.50E+04;120;
Dosidicus gigas;Squid;282.012;;61.998;6.50E+04;120;
Dosidicus gigas;Squid;285.493;;61.996;6.50E+04;120;
Dosidicus gigas;Squid;288.975;;56.028;6.50E+04;120;
Dosidicus gigas;Squid;288.975;;55.53;6.50E+04;120;
Dosidicus gigas;Squid;294.197;;51.55;6.50E+04;120;
Dosidicus gigas;Squid;295.068;;65.969;6.50E+04;120;
Dosidicus gigas;Squid;296.809;;50.554;6.50E+04;120;
Dosidicus gigas;Squid;296.809;;62.487;6.50E+04;120;
Dosidicus gigas;Squid;297.679;;56.272;6.50E+04;120;
Dosidicus gigas;Squid;297.679;;57.266;6.50E+04;120;
Dosidicus gigas;Squid;298.549;;58.26;6.50E+04;120;
Dosidicus gigas;Squid;302.031;;60.496;6.50E+04;120;
Dosidicus gigas;Squid;303.772;;55.274;6.50E+04;120;
Dosidicus gigas;Squid;304.642;;70.936;6.50E+04;120;
Dosidicus gigas;Squid;305.513;;59.251;6.50E+04;120;
Dosidicus gigas;Squid;305.513;;64.223;6.50E+04;120;
Dosidicus gigas;Squid;305.513;;64.969;6.50E+04;120;
Dosidicus gigas;Squid;308.124;;62.481;6.50E+04;120;
Dosidicus gigas;Squid;308.994;;59.746;6.50E+04;120;
Dosidicus gigas;Squid;308.994;;61.238;6.50E+04;120;
Dosidicus gigas;Squid;309.865;;64.718;6.50E+04;120;
Dosidicus gigas;Squid;309.865;;66.707;6.50E+04;120;
Dosidicus gigas;Squid;309.865;;68.198;6.50E+04;120;
Dosidicus gigas;Squid;311.605;;63.722;6.50E+04;120;
Dosidicus gigas;Squid;313.346;;66.208;6.50E+04;120;
Dosidicus gigas;Squid;314.217;;61.235;6.50E+04;120;
Dosidicus gigas;Squid;315.087;;62.726;6.50E+04;120;
Dosidicus gigas;Squid;315.087;;71.179;6.50E+04;120;
Dosidicus gigas;Squid;315.087;;75.654;6.50E+04;120;
Dosidicus gigas;Squid;316.828;;62.476;6.50E+04;120;
Dosidicus gigas;Squid;319.439;;68.69;6.50E+04;120;
Dosidicus gigas;Squid;320.309;;59.988;6.50E+04;120;
Dosidicus gigas;Squid;320.309;;65.209;6.50E+04;120;
Dosidicus gigas;Squid;321.18;;67.944;6.50E+04;120;
Dosidicus gigas;Squid;322.05;;63.717;6.50E+04;120;
Dosidicus gigas;Squid;322.05;;66.203;6.50E+04;120;
Dosidicus gigas;Squid;322.921;;65.705;6.50E+04;120;
Dosidicus gigas;Squid;322.921;;67.197;6.50E+04;120;
Dosidicus gigas;Squid;324.661;;75.4;6.50E+04;120;
Dosidicus gigas;Squid;324.661;;71.174;6.50E+04;120;
Dosidicus gigas;Squid;325.532;;69.184;6.50E+04;120;
Dosidicus gigas;Squid;326.402;;59.985;6.50E+04;120;
Dosidicus gigas;Squid;329.014;;71.669;6.50E+04;120;
Dosidicus gigas;Squid;329.884;;65.204;6.50E+04;120;
Dosidicus gigas;Squid;330.754;;67.441;6.50E+04;120;
Dosidicus gigas;Squid;330.754;;74.154;6.50E+04;120;
Dosidicus gigas;Squid;331.625;;69.678;6.50E+04;120;
Dosidicus gigas;Squid;334.236;;61.224;6.50E+04;120;
Dosidicus gigas;Squid;335.977;;73.156;6.50E+04;120;
Dosidicus gigas;Squid;335.977;;77.383;6.50E+04;120;
Dosidicus gigas;Squid;336.847;;72.41;6.50E+04;120;
Dosidicus gigas;Squid;338.588;;65.696;6.50E+04;120;
Dosidicus gigas;Squid;338.588;;68.183;6.50E+04;120;
Dosidicus gigas;Squid;342.07;;72.407;6.50E+04;120;
Dosidicus gigas;Squid;342.94;;66.191;6.50E+04;120;
Dosidicus gigas;Squid;345.551;;65.195;6.50E+04;120;
Dosidicus gigas;Squid;345.551;;71.908;6.50E+04;120;
Dosidicus gigas;Squid;345.551;;69.173;6.50E+04;120;
Dosidicus gigas;Squid;345.551;;68.179;6.50E+04;120;
Dosidicus gigas;Squid;347.292;;61.216;6.50E+04;120;
Dosidicus gigas;Squid;347.292;;57.736;6.50E+04;120;
Dosidicus gigas;Squid;347.292;;70.664;6.50E+04;120;
Dosidicus gigas;Squid;350.774;;68.176;6.50E+04;120;
Dosidicus gigas;Squid;350.774;;71.159;6.50E+04;120;
Dosidicus gigas;Squid;350.774;;74.143;6.50E+04;120;
Dosidicus gigas;Squid;350.774;;76.38;6.50E+04;120;
Dosidicus gigas;Squid;352.514;;78.368;6.50E+04;120;
Dosidicus gigas;Squid;354.255;;73.892;6.50E+04;120;
Dosidicus gigas;Squid;355.996;;69.913;6.50E+04;120;
Dosidicus gigas;Squid;355.996;;71.405;6.50E+04;120;
Dosidicus gigas;Squid;356.867;;75.134;6.50E+04;120;
Dosidicus gigas;Squid;356.867;;77.869;6.50E+04;120;
Dosidicus gigas;Squid;362.089;;73.639;6.50E+04;120;
Dosidicus gigas;Squid;363.83;;70.406;6.50E+04;120;
Dosidicus gigas;Squid;364.7;;76.124;6.50E+04;120;
Dosidicus gigas;Squid;366.441;;72.891;6.50E+04;120;
Dosidicus gigas;Squid;367.311;;78.857;6.50E+04;120;
Dosidicus gigas;Squid;370.793;;75.623;6.50E+04;120;
Dosidicus gigas;Squid;371.663;;78.109;6.50E+04;120;
Dosidicus gigas;Squid;373.404;;77.114;6.50E+04;120;
Dosidicus gigas;Squid;376.015;;70.4;6.50E+04;120;
Dosidicus gigas;Squid;377.756;;79.349;6.50E+04;120;
Dosidicus gigas;Squid;377.756;;81.586;6.50E+04;120;
Dosidicus gigas;Squid;378.627;;65.177;6.50E+04;120;
Dosidicus gigas;Squid;378.627;;73.133;6.50E+04;120;
Dosidicus gigas;Squid;382.108;;70.396;6.50E+04;120;
Dosidicus gigas;Squid;386.46;;87.797;6.50E+04;120;
Dosidicus gigas;Squid;388.201;;70.393;6.50E+04;120;
Dosidicus gigas;Squid;388.201;;76.608;6.50E+04;120;
Dosidicus gigas;Squid;391.683;;79.59;6.50E+04;120;
Dosidicus gigas;Squid;391.683;;76.358;6.50E+04;120;
Dosidicus gigas;Squid;392.553;;81.827;6.50E+04;120;
Dosidicus gigas;Squid;395.164;;74.118;6.50E+04;120;
Dosidicus gigas;Squid;408.22;;86.045;6.50E+04;120;
Dosidicus gigas;Squid;412.573;;83.805;6.50E+04;120;
Dosidicus gigas;Squid;413.443;;77.589;6.50E+04;120;
Dosidicus gigas;Squid;415.184;;83.057;6.50E+04;120;
Dosidicus gigas;Squid;434.333;;86.528;6.50E+04;120;
Dosidicus gigas;Squid;436.944;;83.045;6.50E+04;120;
Dosidicus gigas;Squid;439.555;;81.055;6.50E+04;120;
Dosidicus gigas;Squid;131.178;207;;6.50E+04;120;
Dosidicus gigas;Squid;143.34;758;;6.50E+04;120;
Dosidicus gigas;Squid;147.683;2204;;6.50E+04;120;
Dosidicus gigas;Squid;153.764;689;;6.50E+04;120;
Dosidicus gigas;Squid;156.371;413;;6.50E+04;120;
Dosidicus gigas;Squid;160.714;1584;;6.50E+04;120;
Dosidicus gigas;Squid;166.795;413;;6.50E+04;120;
Dosidicus gigas;Squid;171.139;1584;;6.50E+04;120;
Dosidicus gigas;Squid;175.483;826;;6.50E+04;120;
Dosidicus gigas;Squid;177.22;1309;;6.50E+04;120;
Dosidicus gigas;Squid;179.826;2066;;6.50E+04;120;
Dosidicus gigas;Squid;183.301;2342;;6.50E+04;120;
Dosidicus gigas;Squid;183.301;1928;;6.50E+04;120;
Dosidicus gigas;Squid;185.039;1309;;6.50E+04;120;
Dosidicus gigas;Squid;186.776;482;;6.50E+04;120;
Dosidicus gigas;Squid;188.514;2342;;6.50E+04;120;
Dosidicus gigas;Squid;190.251;1997;;6.50E+04;120;
Dosidicus gigas;Squid;191.988;1033;;6.50E+04;120;
Dosidicus gigas;Squid;197.201;1653;;6.50E+04;120;
Dosidicus gigas;Squid;197.201;2410;;6.50E+04;120;
Dosidicus gigas;Squid;197.201;2961;;6.50E+04;120;
Dosidicus gigas;Squid;199.807;895;;6.50E+04;120;
Dosidicus gigas;Squid;200.676;1309;;6.50E+04;120;
Dosidicus gigas;Squid;200.676;2686;;6.50E+04;120;
Dosidicus gigas;Squid;201.544;2961;;6.50E+04;120;
Dosidicus gigas;Squid;202.413;1309;;6.50E+04;120;
Dosidicus gigas;Squid;202.413;2066;;6.50E+04;120;
Dosidicus gigas;Squid;204.151;2273;;6.50E+04;120;
Dosidicus gigas;Squid;212.838;2135;;6.50E+04;120;
Dosidicus gigas;Squid;212.838;1515;;6.50E+04;120;
Dosidicus gigas;Squid;212.838;1033;;6.50E+04;120;
Dosidicus gigas;Squid;216.313;1791;;6.50E+04;120;
Dosidicus gigas;Squid;218.919;2686;;6.50E+04;120;
Dosidicus gigas;Squid;221.525;2893;;6.50E+04;120;
Dosidicus gigas;Squid;221.525;1997;;6.50E+04;120;
Dosidicus gigas;Squid;221.525;1515;;6.50E+04;120;
Dosidicus gigas;Squid;228.475;1860;;6.50E+04;120;
Dosidicus gigas;Squid;228.475;1033;;6.50E+04;120;
Dosidicus gigas;Squid;230.212;1309;;6.50E+04;120;
Dosidicus gigas;Squid;234.556;2961;;6.50E+04;120;
Dosidicus gigas;Squid;234.556;3719;;6.50E+04;120;
Dosidicus gigas;Squid;235.425;1309;;6.50E+04;120;
Dosidicus gigas;Squid;235.425;2410;;6.50E+04;120;
Dosidicus gigas;Squid;237.162;3719;;6.50E+04;120;
Dosidicus gigas;Squid;238.9;1928;;6.50E+04;120;
Dosidicus gigas;Squid;238.9;2961;;6.50E+04;120;
Dosidicus gigas;Squid;242.375;2410;;6.50E+04;120;
Dosidicus gigas;Squid;244.981;3581;;6.50E+04;120;
Dosidicus gigas;Squid;251.93;3512;;6.50E+04;120;
Dosidicus gigas;Squid;253.668;3237;;6.50E+04;120;
Dosidicus gigas;Squid;253.668;2824;;6.50E+04;120;
Dosidicus gigas;Squid;255.405;2066;;6.50E+04;120;
Dosidicus gigas;Squid;256.274;4614;;6.50E+04;120;
Dosidicus gigas;Squid;256.274;5165;;6.50E+04;120;
Dosidicus gigas;Squid;259.749;1860;;6.50E+04;120;
Dosidicus gigas;Squid;259.749;4339;;6.50E+04;120;
Dosidicus gigas;Squid;261.486;5716;;6.50E+04;120;
Dosidicus gigas;Squid;263.224;2273;;6.50E+04;120;
Dosidicus gigas;Squid;263.224;2893;;6.50E+04;120;
Dosidicus gigas;Squid;263.224;3719;;6.50E+04;120;
Dosidicus gigas;Squid;264.961;5716;;6.50E+04;120;
Dosidicus gigas;Squid;266.699;3719;;6.50E+04;120;
Dosidicus gigas;Squid;267.568;5165;;6.50E+04;120;
Dosidicus gigas;Squid;268.436;4614;;6.50E+04;120;
Dosidicus gigas;Squid;270.174;4063;;6.50E+04;120;
Dosidicus gigas;Squid;270.174;6061;;6.50E+04;120;
Dosidicus gigas;Squid;271.911;4959;;6.50E+04;120;
Dosidicus gigas;Squid;272.78;2755;;6.50E+04;120;
Dosidicus gigas;Squid;276.255;5716;;6.50E+04;120;
Dosidicus gigas;Squid;277.124;4614;;6.50E+04;120;
Dosidicus gigas;Squid;278.861;3237;;6.50E+04;120;
Dosidicus gigas;Squid;279.73;2686;;6.50E+04;120;
Dosidicus gigas;Squid;279.73;6405;;6.50E+04;120;
Dosidicus gigas;Squid;283.205;4063;;6.50E+04;120;
Dosidicus gigas;Squid;284.073;5647;;6.50E+04;120;
Dosidicus gigas;Squid;284.073;7989;;6.50E+04;120;
Dosidicus gigas;Squid;287.548;2273;;6.50E+04;120;
Dosidicus gigas;Squid;288.417;5579;;6.50E+04;120;
Dosidicus gigas;Squid;289.286;6680;;6.50E+04;120;
Dosidicus gigas;Squid;290.154;5165;;6.50E+04;120;
Dosidicus gigas;Squid;291.023;3788;;6.50E+04;120;
Dosidicus gigas;Squid;291.023;4201;;6.50E+04;120;
Dosidicus gigas;Squid;294.498;5785;;6.50E+04;120;
Dosidicus gigas;Squid;296.236;6267;;6.50E+04;120;
Dosidicus gigas;Squid;297.973;3581;;6.50E+04;120;
Dosidicus gigas;Squid;297.973;4339;;6.50E+04;120;
Dosidicus gigas;Squid;297.973;5028;;6.50E+04;120;
Dosidicus gigas;Squid;300.579;7645;;6.50E+04;120;
Dosidicus gigas;Squid;301.448;6267;;6.50E+04;120;
Dosidicus gigas;Squid;303.185;4063;;6.50E+04;120;
Dosidicus gigas;Squid;303.185;5854;;6.50E+04;120;
Dosidicus gigas;Squid;304.923;6061;;6.50E+04;120;
Dosidicus gigas;Squid;304.923;12052;;6.50E+04;120;
Dosidicus gigas;Squid;305.792;5028;;6.50E+04;120;
Dosidicus gigas;Squid;305.792;8264;;6.50E+04;120;
Dosidicus gigas;Squid;307.529;7645;;6.50E+04;120;
Dosidicus gigas;Squid;308.398;9229;;6.50E+04;120;
Dosidicus gigas;Squid;310.135;6680;;6.50E+04;120;
Dosidicus gigas;Squid;313.61;8747;;6.50E+04;120;
Dosidicus gigas;Squid;315.347;6474;;6.50E+04;120;
Dosidicus gigas;Squid;315.347;7920;;6.50E+04;120;
Dosidicus gigas;Squid;315.347;7438;;6.50E+04;120;
Dosidicus gigas;Squid;315.347;13843;;6.50E+04;120;
Dosidicus gigas;Squid;316.216;4201;;6.50E+04;120;
Dosidicus gigas;Squid;316.216;3857;;6.50E+04;120;
Dosidicus gigas;Squid;316.216;10950;;6.50E+04;120;
Dosidicus gigas;Squid;317.954;6129;;6.50E+04;120;
Dosidicus gigas;Squid;317.954;7645;;6.50E+04;120;
Dosidicus gigas;Squid;317.954;8127;;6.50E+04;120;
Dosidicus gigas;Squid;317.954;8471;;6.50E+04;120;
Dosidicus gigas;Squid;317.954;9298;;6.50E+04;120;
Dosidicus gigas;Squid;318.822;11570;;6.50E+04;120;
Dosidicus gigas;Squid;321.429;10950;;6.50E+04;120;
Dosidicus gigas;Squid;322.297;7438;;6.50E+04;120;
Dosidicus gigas;Squid;322.297;9573;;6.50E+04;120;
Dosidicus gigas;Squid;322.297;14532;;6.50E+04;120;
Dosidicus gigas;Squid;324.903;6818;;6.50E+04;120;
Dosidicus gigas;Squid;324.903;12466;;6.50E+04;120;
Dosidicus gigas;Squid;325.772;9298;;6.50E+04;120;
Dosidicus gigas;Squid;326.641;11433;;6.50E+04;120;
Dosidicus gigas;Squid;326.641;13705;;6.50E+04;120;
Dosidicus gigas;Squid;327.51;15978;;6.50E+04;120;
Dosidicus gigas;Squid;328.378;5992;;6.50E+04;120;
Dosidicus gigas;Squid;328.378;10399;;6.50E+04;120;
Dosidicus gigas;Squid;328.378;10813;;6.50E+04;120;
Dosidicus gigas;Squid;330.985;8471;;6.50E+04;120;
Dosidicus gigas;Squid;332.722;9435;;6.50E+04;120;
Dosidicus gigas;Squid;332.722;11708;;6.50E+04;120;
Dosidicus gigas;Squid;332.722;12190;;6.50E+04;120;
Dosidicus gigas;Squid;332.722;12948;;6.50E+04;120;
Dosidicus gigas;Squid;333.591;7369;;6.50E+04;120;
Dosidicus gigas;Squid;336.197;14394;;6.50E+04;120;
Dosidicus gigas;Squid;337.934;15289;;6.50E+04;120;
Dosidicus gigas;Squid;340.541;9229;;6.50E+04;120;
Dosidicus gigas;Squid;343.147;7645;;6.50E+04;120;
Dosidicus gigas;Squid;344.015;8127;;6.50E+04;120;
Dosidicus gigas;Squid;344.015;8609;;6.50E+04;120;
Dosidicus gigas;Squid;344.884;13774;;6.50E+04;120;
Dosidicus gigas;Squid;346.622;5716;;6.50E+04;120;
Dosidicus gigas;Squid;346.622;7645;;6.50E+04;120;
Dosidicus gigas;Squid;346.622;13430;;6.50E+04;120;
Dosidicus gigas;Squid;347.49;13154;;6.50E+04;120;
Dosidicus gigas;Squid;349.228;10331;;6.50E+04;120;
Dosidicus gigas;Squid;349.228;10055;;6.50E+04;120;
Dosidicus gigas;Squid;349.228;15083;;6.50E+04;120;
Dosidicus gigas;Squid;349.228;11983;;6.50E+04;120;
Dosidicus gigas;Squid;351.834;14050;;6.50E+04;120;
Dosidicus gigas;Squid;351.834;12397;;6.50E+04;120;
Dosidicus gigas;Squid;352.703;10124;;6.50E+04;120;
Dosidicus gigas;Squid;353.571;13154;;6.50E+04;120;
Dosidicus gigas;Squid;353.571;12603;;6.50E+04;120;
Dosidicus gigas;Squid;355.309;18733;;6.50E+04;120;
Dosidicus gigas;Squid;357.915;10124;;6.50E+04;120;
Dosidicus gigas;Squid;359.653;12052;;6.50E+04;120;
Dosidicus gigas;Squid;360.521;13705;;6.50E+04;120;
Dosidicus gigas;Squid;362.259;11777;;6.50E+04;120;
Dosidicus gigas;Squid;363.127;14532;;6.50E+04;120;
Dosidicus gigas;Squid;364.865;14945;;6.50E+04;120;
Dosidicus gigas;Squid;367.471;12466;;6.50E+04;120;
Dosidicus gigas;Squid;367.471;13705;;6.50E+04;120;
Dosidicus gigas;Squid;370.946;15771;;6.50E+04;120;
Dosidicus gigas;Squid;371.815;13292;;6.50E+04;120;
Dosidicus gigas;Squid;371.815;12879;;6.50E+04;120;
Dosidicus gigas;Squid;372.683;11777;;6.50E+04;120;
Dosidicus gigas;Squid;377.027;14807;;6.50E+04;120;
Dosidicus gigas;Squid;377.027;15909;;6.50E+04;120;
Dosidicus gigas;Squid;377.027;16736;;6.50E+04;120;
Dosidicus gigas;Squid;378.764;18182;;6.50E+04;120;
Dosidicus gigas;Squid;379.633;11226;;6.50E+04;120;
Dosidicus gigas;Squid;379.633;12879;;6.50E+04;120;
Dosidicus gigas;Squid;380.502;8678;;6.50E+04;120;
Dosidicus gigas;Squid;381.371;9642;;6.50E+04;120;
Dosidicus gigas;Squid;384.846;23278;;6.50E+04;120;
Dosidicus gigas;Squid;385.714;11226;;6.50E+04;120;
Dosidicus gigas;Squid;386.583;13705;;6.50E+04;120;
Dosidicus gigas;Squid;388.32;15840;;6.50E+04;120;
Dosidicus gigas;Squid;389.189;15152;;6.50E+04;120;
Dosidicus gigas;Squid;390.927;17631;;6.50E+04;120;
Dosidicus gigas;Squid;391.795;12810;;6.50E+04;120;
Dosidicus gigas;Squid;392.664;9917;;6.50E+04;120;
Dosidicus gigas;Squid;409.17;19008;;6.50E+04;120;
Dosidicus gigas;Squid;410.907;22245;;6.50E+04;120;
Dosidicus gigas;Squid;415.251;14738;;6.50E+04;120;
Dosidicus gigas;Squid;415.251;21832;;6.50E+04;120;
Dosidicus gigas;Squid;434.363;23347;;6.50E+04;120;
Dosidicus gigas;Squid;437.838;18595;;6.50E+04;120;
Dosidicus gigas;Squid;442.181;19490;;6.50E+04;120;
Euprymna hyllebergi ;Squid;0.083;;0.223;5.88;2.24;
Euprymna hyllebergi ;Squid;9.689;;0.303;5.88;2.24;
Euprymna hyllebergi ;Squid;20.249;;0.474;5.88;2.24;
Euprymna hyllebergi ;Squid;29.92;;0.732;5.88;2.24;
Euprymna hyllebergi ;Squid;39.949;;0.96;5.88;2.24;
Euprymna hyllebergi ;Squid;50.012;;1.279;5.88;2.24;
Euprymna hyllebergi ;Squid;60.102;;1.676;5.88;2.24;
Euprymna hyllebergi ;Squid;69.922;;1.837;5.88;2.24;
Euprymna hyllebergi ;Squid;80.058;;1.855;5.88;2.24;
Euprymna hyllebergi ;Squid;89.692;;2.011;5.88;2.24;
Euprymna hyllebergi ;Squid;100.271;;2.233;5.88;2.24;
Euprymna hyllebergi ;Squid;0.192;0.07;;5.88;2.24;
Euprymna hyllebergi ;Squid;10.172;0.06;;5.88;2.24;
Euprymna hyllebergi ;Squid;20.34;0.07;;5.88;2.24;
Euprymna hyllebergi ;Squid;30.346;0.272;;5.88;2.24;
Euprymna hyllebergi ;Squid;40.002;0.628;;5.88;2.24;
Euprymna hyllebergi ;Squid;50.276;1.502;;5.88;2.24;
Euprymna hyllebergi ;Squid;60.583;2.646;;5.88;2.24;
Euprymna hyllebergi ;Squid;70.26;3.176;;5.88;2.24;
Euprymna hyllebergi ;Squid;80.328;3.877;;5.88;2.24;
Euprymna hyllebergi ;Squid;90.593;4.675;;5.88;2.24;
Euprymna hyllebergi ;Squid;100.538;5.877;;5.88;2.24;
Illex argentinus;;;;;1.50E+03;34.4;
Octopus cyanea;Octopus;100.39;52.071;;3600;;
Octopus cyanea;Octopus;112.068;102.282;;3600;;
Octopus cyanea;Octopus;116.467;102.98;;3600;;
Octopus cyanea;Octopus;127.374;189.338;;3600;;
Octopus cyanea;Octopus;131.709;250.474;;3600;;
Octopus cyanea;Octopus;133.238;190.267;;3600;;
Octopus cyanea;Octopus;138.294;263.608;;3600;;
Octopus cyanea;Octopus;138.331;227.344;;3600;;
Octopus cyanea;Octopus;145.573;313.121;;3600;;
Octopus cyanea;Octopus;146.951;397.968;;3600;;
Octopus cyanea;Octopus;152.815;398.898;;3600;;
Octopus cyanea;Octopus;152.866;350.547;;3600;;
Octopus cyanea;Octopus;156.379;496.182;;3600;;
Octopus cyanea;Octopus;156.493;387.391;;3600;;
Octopus cyanea;Octopus;160.689;581.494;;3600;;
Octopus cyanea;Octopus;161.397;605.786;;3600;;
Octopus cyanea;Octopus;161.485;521.171;;3600;;
Octopus cyanea;Octopus;162.888;581.842;;3600;;
Octopus cyanea;Octopus;164.266;666.689;;3600;;
Octopus cyanea;Octopus;166.528;606.599;;3600;;
Octopus cyanea;Octopus;168.007;594.744;;3600;;
Octopus cyanea;Octopus;168.601;727.825;;3600;;
Octopus cyanea;Octopus;168.639;691.563;;3600;;
Octopus cyanea;Octopus;168.816;522.333;;3600;;
Octopus cyanea;Octopus;172.152;837.197;;3600;;
Octopus cyanea;Octopus;172.506;498.739;;3600;;
Octopus cyanea;Octopus;172.961;764.787;;3600;;
Octopus cyanea;Octopus;173.795;668.2;;3600;;
Octopus cyanea;Octopus;174.427;765.019;;3600;;
Octopus cyanea;Octopus;174.478;716.668;;3600;;
Octopus cyanea;Octopus;175.703;946.569;;3600;;
Octopus cyanea;Octopus;175.766;886.13;;3600;;
Octopus cyanea;Octopus;177.296;825.923;;3600;;
Octopus cyanea;Octopus;182.983;996.082;;3600;;
Octopus cyanea;Octopus;183.021;959.819;;3600;;
Octopus cyanea;Octopus;183.097;887.292;;3600;;
Octopus cyanea;Octopus;183.122;863.116;;3600;;
Octopus cyanea;Octopus;183.173;814.765;;3600;;
Octopus cyanea;Octopus;187.065;1298.975;;3600;;
Octopus cyanea;Octopus;188.038;1069.422;;3600;;
Octopus cyanea;Octopus;188.342;779.315;;3600;;
Octopus cyanea;Octopus;188.38;743.052;;3600;;
Octopus cyanea;Octopus;188.949;900.309;;3600;;
Octopus cyanea;Octopus;189.454;1118.006;;3600;;
Octopus cyanea;Octopus;189.568;1009.216;;3600;;
Octopus cyanea;Octopus;191.666;1106.267;;3600;;
Octopus cyanea;Octopus;192.891;1336.168;;3600;;
Octopus cyanea;Octopus;193.005;1227.377;;3600;;
Octopus cyanea;Octopus;193.941;1034.089;;3600;;
Octopus cyanea;Octopus;197.454;1179.724;;3600;;
Octopus cyanea;Octopus;197.505;1131.373;;3600;;
Octopus cyanea;Octopus;197.947;1409.508;;3600;;
Octopus cyanea;Octopus;197.985;1373.245;;3600;;
Octopus cyanea;Octopus;198.048;1312.805;;3600;;
Octopus cyanea;Octopus;199.022;1083.254;;3600;;
Octopus cyanea;Octopus;203.027;1458.673;;3600;;
Octopus cyanea;Octopus;203.381;1821.423;;3600;;
Octopus cyanea;Octopus;203.419;1785.16;;3600;;
Octopus cyanea;Octopus;203.495;1712.633;;3600;;
Octopus cyanea;Octopus;203.572;938.898;;3600;;
Octopus cyanea;Octopus;204.81;1156.71;;3600;;
Octopus cyanea;Octopus;205.454;1241.441;;3600;;
Octopus cyanea;Octopus;205.48;1217.266;;3600;;
Octopus cyanea;Octopus;207.35;1531.897;;3600;;
Octopus cyanea;Octopus;208.146;1471.575;;3600;;
Octopus cyanea;Octopus;212.152;1846.994;;3600;;
Octopus cyanea;Octopus;212.19;1810.731;;3600;;
Octopus cyanea;Octopus;212.834;1895.462;;3600;;
Octopus cyanea;Octopus;213.1;1641.618;;3600;;
Octopus cyanea;Octopus;213.151;1593.266;;3600;;
Octopus cyanea;Octopus;213.239;1508.651;;3600;;
Octopus cyanea;Octopus;213.29;1460.301;;3600;;
Octopus cyanea;Octopus;218.092;1775.397;;3600;;
Octopus cyanea;Octopus;218.256;2319.464;;3600;;
Octopus cyanea;Octopus;218.306;2271.113;;3600;;
Octopus cyanea;Octopus;218.332;2246.937;;3600;;
Octopus cyanea;Octopus;218.346;1533.641;;3600;;
Octopus cyanea;Octopus;218.396;1485.289;;3600;;
Octopus cyanea;Octopus;218.521;2065.621;;3600;;
Octopus cyanea;Octopus;219.446;1183.211;;3600;;
Octopus cyanea;Octopus;222.313;1945.323;;3600;;
Octopus cyanea;Octopus;222.603;2368.512;;3600;;
Octopus cyanea;Octopus;223.376;1631.157;;3600;;
Octopus cyanea;Octopus;226.799;2562.615;;3600;;
Octopus cyanea;Octopus;227.002;2369.21;;3600;;
Octopus cyanea;Octopus;227.76;2345.151;;3600;;
Octopus cyanea;Octopus;227.899;2212.185;;3600;;
Octopus cyanea;Octopus;228.089;2030.868;;3600;;
Octopus cyanea;Octopus;228.165;1958.341;;3600;;
Octopus cyanea;Octopus;228.203;1922.077;;3600;;
Octopus cyanea;Octopus;228.317;1813.288;;3600;;
Octopus cyanea;Octopus;232.638;2587.72;;3600;;
Octopus cyanea;Octopus;232.915;3022.997;;3600;;
Octopus cyanea;Octopus;232.941;2998.822;;3600;;
Octopus cyanea;Octopus;233.296;1959.155;;3600;;
Octopus cyanea;Octopus;233.448;1814.101;;3600;;
Octopus cyanea;Octopus;233.574;2394.432;;3600;;
Octopus cyanea;Octopus;236.317;1875.005;;3600;;
Octopus cyanea;Octopus;236.847;2769.735;;3600;;
Octopus cyanea;Octopus;236.897;2721.383;;3600;;
Octopus cyanea;Octopus;241.813;2927.69;;3600;;
Octopus cyanea;Octopus;242.331;3133.298;;3600;;
Octopus cyanea;Octopus;242.484;2287.036;;3600;;
Octopus cyanea;Octopus;242.749;2734.401;;3600;;
Octopus cyanea;Octopus;242.901;2589.347;;3600;;
Octopus cyanea;Octopus;243.015;2480.557;;3600;;
Octopus cyanea;Octopus;243.103;2395.943;;3600;;
Octopus cyanea;Octopus;243.154;2347.591;;3600;;
Octopus cyanea;Octopus;247.285;3303.341;;3600;;
Octopus cyanea;Octopus;248.082;3243.019;;3600;;
Octopus cyanea;Octopus;248.322;3013.35;;3600;;
Octopus cyanea;Octopus;248.867;2493.575;;3600;;
Octopus cyanea;Octopus;249.056;2312.258;;3600;;
Octopus cyanea;Octopus;249.107;2263.907;;3600;;
Octopus cyanea;Octopus;252.1;3606.35;;3600;;
Octopus cyanea;Octopus;252.379;3340.419;;3600;;
Octopus cyanea;Octopus;257.499;2652.111;;3600;;
Octopus cyanea;Octopus;257.611;3244.53;;3600;;
Octopus cyanea;Octopus;257.661;3897.387;;3600;;
Octopus cyanea;Octopus;257.662;3196.179;;3600;;
Octopus cyanea;Octopus;261.123;4091.373;;3600;;
Octopus cyanea;Octopus;261.49;3740.827;;3600;;
Octopus cyanea;Octopus;262.755;3233.255;;3600;;
Octopus cyanea;Octopus;263.338;2677.216;;3600;;
Octopus cyanea;Octopus;263.753;3680.736;;3600;;
Octopus cyanea;Octopus;266.495;3862.519;;3600;;
Octopus cyanea;Octopus;267.379;4418.79;;3600;;
Octopus cyanea;Octopus;270.867;4588.601;;3600;;
Octopus cyanea;Octopus;273.637;3343.789;;3600;;
Octopus cyanea;Octopus;277.604;4456.681;;3600;;
Octopus cyanea;Octopus;278.339;3054.379;;3600;;
Octopus cyanea;Octopus;281.052;5363.964;;3600;;
Octopus cyanea;Octopus;282.281;4191.446;;3600;;
Octopus cyanea;Octopus;287.081;5207.752;;3600;;
Octopus cyanea;Octopus;287.627;3986.767;;3600;;
Octopus cyanea;Octopus;295.258;5801.449;;3600;;
Octopus cyanea;Octopus;296.688;4435.527;;3600;;
Octopus cyanea;Octopus;302.981;5427.889;;3600;;
Octopus cyanea;Octopus;308.35;6601.452;;3600;;
Octopus vulgaris;Octopus;0.993377483;0.00034903;;1800;;
Octopus vulgaris;Octopus;18.02270577;0;;1800;;
Octopus vulgaris;Octopus;33.0179754;0.01;;1800;;
Octopus vulgaris;Octopus;41.01229896;0.01;;1800;;
Octopus vulgaris;Octopus;46.02649007;0.01;;1800;;
Octopus vulgaris;Octopus;1;;0.219;1800;;
Octopus vulgaris;Octopus;10;;0.285;1800;;
Octopus vulgaris;Octopus;20;;0.336;1800;;
Octopus vulgaris;Octopus;30;;0.427;1800;;
Octopus vulgaris;Octopus;40;;0.54;1800;;
Octopus vulgaris;Octopus;60;;0.654;1800;;
Octopus vulgaris;Octopus;1;;0.219;1800;;
Octopus vulgaris;Octopus;10;;0.296;1800;;
Octopus vulgaris;Octopus;20;;0.342;1800;;
Octopus vulgaris;Octopus;30;;0.435;1800;;
Octopus vulgaris;Octopus;40;;0.552;1800;;
Octopus vulgaris;Octopus;1;;0.209;1800;;
Octopus vulgaris;Octopus;10;;0.306;1800;;
Octopus vulgaris;Octopus;20;;0.339;1800;;
Octopus vulgaris;Octopus;30;;0.43;1800;;
Octopus vulgaris;Octopus;40;;0.48;1800;;
Octopus vulgaris;Octopus;50;;0.5;1800;;
Octopus vulgaris;Octopus;53;;0.61;1800;;
Ommastrephes bartramii;Squid;;132.272;19.429;;90;
Ommastrephes bartramii;Squid;;237.532;20.466;;90;
Ommastrephes bartramii;Squid;;202.617;20.904;;90;
Ommastrephes bartramii;Squid;;272.758;21.45;;90;
Ommastrephes bartramii;Squid;;307.84;21.777;;90;
Ommastrephes bartramii;Squid;;273.488;24.788;;90;
Ommastrephes bartramii;Squid;;413.639;25.276;;90;
Ommastrephes bartramii;Squid;;457.474;25.603;;90;
Ommastrephes bartramii;Squid;;492.593;26.095;;90;
Ommastrephes bartramii;Squid;;396.349;26.262;;90;
Ommastrephes bartramii;Squid;;475.195;26.588;;90;
Ommastrephes bartramii;Squid;;519.042;26.97;;90;
Ommastrephes bartramii;Squid;;659.217;27.568;;90;
Ommastrephes bartramii;Squid;;598.008;27.843;;90;
Ommastrephes bartramii;Squid;;396.732;28.013;;90;
Ommastrephes bartramii;Squid;;659.325;28.06;;90;
Ommastrephes bartramii;Squid;;598.176;28.609;;90;
Ommastrephes bartramii;Squid;;694.479;28.716;;90;
Ommastrephes bartramii;Squid;;563.189;28.719;;90;
Ommastrephes bartramii;Squid;;747.019;28.824;;90;
Ommastrephes bartramii;Squid;;817.065;28.931;;90;
Ommastrephes bartramii;Squid;;773.301;28.933;;90;
Ommastrephes bartramii;Squid;;677.022;28.935;;90;
Ommastrephes bartramii;Squid;;607;28.937;;90;
Ommastrephes bartramii;Squid;;773.409;29.425;;90;
Ommastrephes bartramii;Squid;;694.635;29.427;;90;
Ommastrephes bartramii;Squid;;720.941;29.645;;90;
Ommastrephes bartramii;Squid;;790.986;29.753;;90;
Ommastrephes bartramii;Squid;;703.507;29.974;;90;
Ommastrephes bartramii;Squid;;650.991;29.976;;90;
Ommastrephes bartramii;Squid;;607.228;29.977;;90;
Ommastrephes bartramii;Squid;;764.788;30.027;;90;
Ommastrephes bartramii;Squid;;896.114;30.188;;90;
Ommastrephes bartramii;Squid;;738.578;30.247;;90;
Ommastrephes bartramii;Squid;;800.002;30.956;;90;
Ommastrephes bartramii;Squid;;948.822;31.062;;90;
Ommastrephes bartramii;Squid;;800.122;31.504;;90;
Ommastrephes bartramii;Squid;;913.919;31.555;;90;
Ommastrephes bartramii;Squid;;817.735;31.996;;90;
Ommastrephes bartramii;Squid;;1010.33;32.155;;90;
Ommastrephes bartramii;Squid;;1106.682;32.48;;90;
Ommastrephes bartramii;Squid;;1097.989;32.754;;90;
Ommastrephes bartramii;Squid;;984.216;32.812;;90;
Ommastrephes bartramii;Squid;;1255.705;33.516;;90;
Ommastrephes bartramii;Squid;;1045.724;33.905;;90;
Ommastrephes bartramii;Squid;;1010.713;33.906;;90;
Ommastrephes bartramii;Squid;;1115.769;34.012;;90;
Ommastrephes bartramii;Squid;;1080.843;34.396;;90;
Ommastrephes bartramii;Squid;;1439.798;34.824;;90;
Ommastrephes bartramii;Squid;;818.358;34.841;;90;
Ommastrephes bartramii;Squid;;1045.94;34.89;;90;
Ommastrephes bartramii;Squid;;1326.049;34.991;;90;
Ommastrephes bartramii;Squid;;1046.047;35.382;;90;
Ommastrephes bartramii;Squid;;1186.126;35.542;;90;
Ommastrephes bartramii;Squid;;1326.253;35.922;;90;
Ommastrephes bartramii;Squid;;1361.455;36.796;;90;
Ommastrephes bartramii;Squid;;2413.561;44.921;;90;
Ommastrephes bartramii;Squid;;2755.742;48.687;;90;
Rossia macrosoma;Squid;0;;0.618;;8.5;
Rossia macrosoma;Squid;8.352;;0.611;;8.5;
Rossia macrosoma;Squid;40.015;;0.844;;8.5;
Rossia macrosoma;Squid;65.074;;1.017;;8.5;
Rossia macrosoma;Squid;91.151;;1.241;;8.5;
Rossia macrosoma;Squid;134.453;;1.704;;8.5;
Rossia macrosoma;Squid;167.529;;2.09;;8.5;
Rossia macrosoma;Squid;;0.101;0.547;;8.5;
Rossia macrosoma;Squid;;0.126;0.615;;8.5;
Rossia macrosoma;Squid;;0.135;0.615;;8.5;
Rossia macrosoma;Squid;;0.209;0.802;;8.5;
Rossia macrosoma;Squid;;0.229;0.811;;8.5;
Rossia macrosoma;Squid;;0.292;0.892;;8.5;
Rossia macrosoma;Squid;;0.361;1.068;;8.5;
Rossia macrosoma;Squid;;0.385;1.068;;8.5;
Rossia macrosoma;Squid;;1.165;1.778;;8.5;
Rossia macrosoma;Squid;;1.268;2.105;;8.5;
Rossia macrosoma;Squid;;1.371;1.956;;8.5;
Rossia macrosoma;Squid;;1.462;1.957;;8.5;
Rossia macrosoma;Squid;;1.536;2.151;;8.5;
Rossia macrosoma;Squid;;1.603;2.292;;8.5;
Rossia macrosoma;Squid;;1.697;2.52;;8.5;
Rossia macrosoma;Squid;;1.758;2.713;;8.5;
Rossia macrosoma;Squid;;1.821;2.521;;8.5;
Rossia macrosoma;Squid;;1.847;2.83;;8.5;
Rossia macrosoma;Squid;;1.983;2.831;;8.5;
Rossia macrosoma;Squid;;1.997;2.575;;8.5;
Rossia macrosoma;Squid;;2.099;3.212;;8.5;
Rossia macrosoma;Squid;;2.351;2.924;;8.5;
Rossia macrosoma;Squid;;2.489;2.925;;8.5;
Rossia macrosoma;Squid;;2.653;3.019;;8.5;
Rossia macrosoma;Squid;;2.909;3.183;;8.5;
Rossia macrosoma;Squid;;3.306;3.614;;8.5;
Rossia macrosoma;Squid;;4.884;4.758;;8.5;
Rossia macrosoma;Squid;;4.919;4.194;;8.5;
Rossia macrosoma;Squid;;5.06;4.329;;8.5;
Rossia macrosoma;Squid;;5.471;4.761;;8.5;
Rossia macrosoma;Squid;;5.79;5.18;;8.5;
Rossia macrosoma;Squid;;5.832;4.566;;8.5;
Rossia macrosoma;Squid;;6.579;5.405;;8.5;
Rossia macrosoma;Squid;;7.529;5.883;;8.5;
Rossia macrosoma;Squid;;7.637;5.524;;8.5;
Rossia macrosoma;Squid;;8.494;6.139;;8.5;
Rossia macrosoma;Squid;;10.143;6.545;;8.5;
Sepia officinalis;Squid;;;;2800;24.1;
Sepietta obscura;Squid;0.114;;0.215;6.9;2.4;
Sepietta obscura;Squid;6.328;;0.25;6.9;2.4;
Sepietta obscura;Squid;16.078;;0.281;6.9;2.4;
Sepietta obscura;Squid;25.415;;0.364;6.9;2.4;
Sepietta obscura;Squid;34.308;;0.447;6.9;2.4;
Sepietta obscura;Squid;43.635;;0.513;6.9;2.4;
Sepietta obscura;Squid;52.072;;0.569;6.9;2.4;
Sepietta obscura;Squid;72.072;;0.736;6.9;2.4;
Sepietta obscura;Squid;82.322;;0.872;6.9;2.4;
Sepietta obscura;Squid;91.215;;0.955;6.9;2.4;
Sepietta obscura;Squid;111.365;;1.403;6.9;2.4;
Sepietta obscura;Squid;118.514;;1.535;6.9;2.4;
Sepietta obscura;Squid;147.963;;1.996;6.9;2.4;
Sepietta obscura;Squid;178.153;;2.188;6.9;2.4;
Sepietta obscura;Squid;193.728;;2.355;6.9;2.4;
Thysanoteuthis rhombus;Squid;99.113;;12.612;3.00E+04;1.00E+03;
Thysanoteuthis rhombus;Squid;99.896;;9.419;3.00E+04;1.00E+03;
Thysanoteuthis rhombus;Squid;102.242;;8.569;3.00E+04;1.00E+03;
Thysanoteuthis rhombus;Squid;109.283;;9.64;3.00E+04;1.00E+03;
Thysanoteuthis rhombus;Squid;110.065;;9.215;3.00E+04;1.00E+03;
Thysanoteuthis rhombus;Squid;113.194;;13.051;3.00E+04;1.00E+03;
Thysanoteuthis rhombus;Squid;114.759;;10.284;3.00E+04;1.00E+03;
Thysanoteuthis rhombus;Squid;124.928;;17.108;3.00E+04;1.00E+03;
Thysanoteuthis rhombus;Squid;132.751;;17.328;3.00E+04;1.00E+03;
Thysanoteuthis rhombus;Squid;132.751;;18.818;3.00E+04;1.00E+03;
Thysanoteuthis rhombus;Squid;134.315;;13.709;3.00E+04;1.00E+03;
Thysanoteuthis rhombus;Squid;136.662;;11.795;3.00E+04;1.00E+03;
Thysanoteuthis rhombus;Squid;142.92;;15.421;3.00E+04;1.00E+03;
Thysanoteuthis rhombus;Squid;143.703;;12.44;3.00E+04;1.00E+03;
Thysanoteuthis rhombus;Squid;148.396;;23.304;3.00E+04;1.00E+03;
Thysanoteuthis rhombus;Squid;149.179;;11.381;3.00E+04;1.00E+03;
Thysanoteuthis rhombus;Squid;152.308;;19.901;3.00E+04;1.00E+03;
Thysanoteuthis rhombus;Squid;158.566;;22.888;3.00E+04;1.00E+03;
Thysanoteuthis rhombus;Squid;162.477;;18.42;3.00E+04;1.00E+03;
Thysanoteuthis rhombus;Squid;167.171;;34.181;3.00E+04;1.00E+03;
Thysanoteuthis rhombus;Squid;168.735;;35.46;3.00E+04;1.00E+03;
Thysanoteuthis rhombus;Squid;174.211;;41.215;3.00E+04;1.00E+03;
Thysanoteuthis rhombus;Squid;181.252;;37.814;3.00E+04;1.00E+03;
Thysanoteuthis rhombus;Squid;185.163;;41.012;3.00E+04;1.00E+03;
Thysanoteuthis rhombus;Squid;186.727;;38.245;3.00E+04;1.00E+03;
Thysanoteuthis rhombus;Squid;188.292;;34.84;3.00E+04;1.00E+03;
Thysanoteuthis rhombus;Squid;192.986;;43.787;3.00E+04;1.00E+03;
Thysanoteuthis rhombus;Squid;200.026;;29.527;3.00E+04;1.00E+03;
Thysanoteuthis rhombus;Squid;200.026;;54.228;3.00E+04;1.00E+03;
Thysanoteuthis rhombus;Squid;201.591;;56.997;3.00E+04;1.00E+03;
Thysanoteuthis rhombus;Squid;206.284;;32.727;3.00E+04;1.00E+03;
Thysanoteuthis rhombus;Squid;209.413;;28.684;3.00E+04;1.00E+03;
Thysanoteuthis rhombus;Squid;213.325;;61.267;3.00E+04;1.00E+03;
Thysanoteuthis rhombus;Squid;214.107;;31.882;3.00E+04;1.00E+03;
Thysanoteuthis rhombus;Squid;218.018;;30.608;3.00E+04;1.00E+03;
Thysanoteuthis rhombus;Squid;218.018;;41.255;3.00E+04;1.00E+03;
Thysanoteuthis rhombus;Squid;220.365;;67.448;3.00E+04;1.00E+03;
Thysanoteuthis rhombus;Squid;223.494;;38.279;3.00E+04;1.00E+03;
Thysanoteuthis rhombus;Squid;227.405;;51.272;3.00E+04;1.00E+03;
Thysanoteuthis rhombus;Squid;229.752;;45.099;3.00E+04;1.00E+03;
Thysanoteuthis rhombus;Squid;234.446;;47.446;3.00E+04;1.00E+03;
Thysanoteuthis rhombus;Squid;234.446;;52.343;3.00E+04;1.00E+03;
Thysanoteuthis rhombus;Squid;238.357;;48.301;3.00E+04;1.00E+03;
Thysanoteuthis rhombus;Squid;238.357;;53.837;3.00E+04;1.00E+03;
Thysanoteuthis rhombus;Squid;240.704;;59.376;3.00E+04;1.00E+03;
Thysanoteuthis rhombus;Squid;243.051;;35.955;3.00E+04;1.00E+03;
Thysanoteuthis rhombus;Squid;243.051;;63.211;3.00E+04;1.00E+03;
Thysanoteuthis rhombus;Squid;251.656;;54.275;3.00E+04;1.00E+03;
Thysanoteuthis rhombus;Squid;261.043;;51.516;3.00E+04;1.00E+03;
Thysanoteuthis rhombus;Squid;268.866;;68.558;3.00E+04;1.00E+03;
S. lessoniana;Squid;0;0.04;0.5;;;Nabhitabhata 2014
S. lessoniana;Squid;10;0.6;1.1;;;
S. lessoniana;Squid;20;1.1;1.8;;;
S. lessoniana;Squid;30;1.5;2.3;;;
S. lessoniana;Squid;40;7.1;3.7;;;
S. lessoniana;Squid;50;13.4;4.8;;;
S. lessoniana;Squid;60;18.6;5.7;;;
S. lessoniana;Squid;70;42.2;7.7;;;
S. lessoniana;Squid;80;73.5;9.9;;;
S. lessoniana;Squid;90;122.7;11.4;;;
S. lessoniana;Squid;100;137.5;12.1;;;
S. lessoniana;Squid;110;201;15.1;;;
S. lessoniana;Squid;120;496.9;21.4;;;
S. inermis;Cuttlefish;0;0.01;0.2;;;
S. inermis;Cuttlefish;10;0.4;0.9;;;
S. inermis;Cuttlefish;20;1.1;1.4;;;
S. inermis;Cuttlefish;30;1.8;2;;;
S. inermis;Cuttlefish;40;2.9;2.6;;;
S. inermis;Cuttlefish;50;5.6;3.1;;;
S. inermis;Cuttlefish;60;10;3.8;;;
S. inermis;Cuttlefish;70;17.7;4.6;;;
S. inermis;Cuttlefish;80;29.3;5.7;;;
S. inermis;Cuttlefish;90;36.6;6.1;;;
S. inermis;Cuttlefish;100;40.2;6.3;;;
S. inermis;Cuttlefish;110;49.4;6.4;;;
S. inermis;Cuttlefish;120;49.7;6.8;;;
S. pharaonis;Cuttlefish;0;0.1;0.7;;;
S. pharaonis;Cuttlefish;10;0.5;1;;;
S. pharaonis;Cuttlefish;20;0.8;1.3;;;
S. pharaonis;Cuttlefish;30;104;1.6;;;
S. pharaonis;Cuttlefish;40;3.4;2.2;;;
S. pharaonis;Cuttlefish;50;4.5;2.7;;;
S. pharaonis;Cuttlefish;60;8.9;3.6;;;
S. pharaonis;Cuttlefish;70;23.7;5.3;;;
S. pharaonis;Cuttlefish;80;27.1;6;;;
S. pharaonis;Cuttlefish;90;46.2;6.2;;;
S. pharaonis;Cuttlefish;100;64.8;6.8;;;
S. pharaonis;Cuttlefish;110;84.1;7.9;;;
S. pharaonis;Cuttlefish;120;115.5;10.4;;;
